"Post Id","Status","User Id","Created Date","Closed Date","Deleted Date","Question","Subject","Keywords","Number of Keywords","Additional Details","Has Image?","Profile Information Inclusion?","First Response Time","Time Passed Between Creation and First Response","Unique Impressions Count","Total Impressions Count","Unique Responses Count"
1,"DELETED",4,"06/02/2021 02:44:52.000","06/07/2021 21:03:56.000","09/16/2021 02:01:12.000","A truck is carrying 98 crafts of mangoes.if each crate has 40 mangoes, how many mangoes are there in the truck?","Mathematics","maths",1,"Try and get some good work out all day and will work well with others will work with what was written estimate on the way back we will wait what we are doing ","Y","N","07/14/2021 12:04:43.000",1017,1,1,3
2,"DELETED",2,"06/02/2021 03:03:10.000",,"06/15/2021 09:52:18.000","Test","test","user",1,"test","N","Y",,,1,1,0
3,"DELETED",8,"06/02/2021 03:49:04.000",,"06/07/2021 21:24:04.000","Ask open question ","Topic1","ask question",1,"","N","Y",,,1,1,0
4,"DELETED",8,"06/02/2021 03:55:55.000",,"06/07/2021 21:24:04.000","New for resubmit","New","new",1,"Des","N","Y",,,1,1,0
5,"DELETED",8,"06/02/2021 04:10:55.000",,"06/07/2021 21:24:04.000","What is art resubmit","Art","art",1,"","N","Y",,,1,1,0
6,"DELETED",2,"06/02/2021 04:20:24.000",,"06/15/2021 09:52:18.000","User topic","Question","react",1,"","N","Y",,,1,1,0
7,"DELETED",10,"06/02/2021 08:12:12.000",,"06/02/2021 02:42:12.000","How to start play cricket","Cricket","bat,boll,Wicket",3,"Akejdjjdjdj jdjdndjsj jjejdjdjdjdnskl kakfheksk kakfhejndj ksjrjslwlwibdjs kdjjdjdj","N","N",,,1,1,0
8,"DELETED",9,"06/02/2021 10:49:09.000",,,"React1111","react","react,user",2,"Kgjccckkxkg","N","Y",,,1,1,0
9,"DELETED",9,"06/03/2021 02:18:08.000",,"06/07/2021 01:20:33.000","Test","User test","react native,test",2,"The only way you could come back in my head is pounding headache from the store for us all I have been there before me I have to be friendly with you and I don't know what I want to be friendly with you and I don't know what I want to be ","N","Y",,,1,1,0
10,"DELETED",16,"06/03/2021 07:53:22.000",,"06/03/2021 02:23:22.000","Open  ","Twst","test ",1,"","N","Y",,,1,1,0
11,"DELETED",4,"06/03/2021 09:34:27.000","06/07/2021 21:03:56.000","09/16/2021 02:01:12.000","Hdhz","Vdbd","bxbx",1,"","N","Y",,,1,1,0
12,"DELETED",14,"06/03/2021 13:10:50.000","06/09/2021 09:51:55.000","07/15/2021 04:30:43.000","How to create google meet link?","Google meet ","google meet,meeting,online meeting",3,"Steps to follow to create google meetings","Y","Y",,,1,1,0
13,"DELETED",14,"06/03/2021 13:33:41.000","06/09/2021 09:51:55.000","07/15/2021 04:30:43.000","Which paint can be used for glass painting?","Painting","art,glass painting,paint",3,"","Y","Y",,,1,1,0
14,"DELETED",4,"06/04/2021 03:56:51.000","06/07/2021 21:03:56.000","09/16/2021 02:01:12.000","testing5","test5","test2,test3",2,"Average","Y","Y",,,1,1,0
15,"DELETED",4,"06/04/2021 10:37:17.000","06/07/2021 21:03:56.000","09/16/2021 02:01:12.000","Test","Test","test",1,"Test","N","Y",,,1,1,0
16,"DELETED",4,"06/08/2021 02:23:30.000","06/07/2021 21:03:56.000","09/16/2021 02:01:12.000","Test89989","test89898","test",1,"Test it out and I don't know what to do with it and I don't know what to do with it and I don't know what to do with it and I don't know what to do with","N","Y",,,0,0,0
17,"DELETED",4,"06/08/2021 02:55:27.000","06/07/2021 21:25:36.000","09/16/2021 02:01:12.000","Hhs","Bsbstest","test",1,"","N","Y",,,0,0,0
18,"DELETED",4,"06/08/2021 03:55:34.000",,"09/16/2021 02:01:12.000","Tws","Yshsy","test",1,"Hshdh the email and I have been trying to reach agitingala the best time for me location is not working properly I will check  will check with my mom  y we were ey ","Y","Y",,,1,1,0
19,"DELETED",4,"06/09/2021 02:42:15.000",,"09/16/2021 02:01:12.000","updated profile image","update","profile image",1,"How much for it for you and the boys","N","Y",,,1,1,0
20,"DELETED",4,"06/10/2021 08:49:17.000","06/14/2021 21:49:27.000","09/16/2021 02:01:12.000","What is Salesforce Marketing Cloud & its scope for marketers?","SalesForce","art",1,"Digital marketing has proliferated so much that customers these days are affronted by promotional content at every turn. But sadly, a lot of it is generic and irrelevant to the customer, so they end up - not opening or replying to emails, closing the ads, or quitting the blog - without as much as a second glance","Y","Y",,,1,1,0
21,"DELETED",71,"06/16/2021 02:16:36.000",,,"Test","test","test",1,"","N","Y",,,1,1,0
22,"DELETED",71,"06/17/2021 00:59:10.000",,,"cxvcvx","dsf","sdf,sdfsdf",2,"sdfsfd","Y","Y",,,1,1,0
23,"DELETED",71,"06/17/2021 00:59:50.000",,,"Gf","Fgghdf","fghsg,sfdgt",2,"Fight","N","Y","07/14/2021 05:20:59.000",652,1,230,5
24,"DELETED",71,"06/17/2021 01:00:27.000",,,"Gfgfhr","Rthdf","dfgr,redr",2,"Dfgsdf","N","Y",,,1,1,0
25,"DELETED",14,"06/18/2021 15:27:36.000","06/23/2021 09:42:43.000","07/15/2021 04:30:43.000","How to paint?","Paint","art,artist",2,"","N","Y",,,1,1,0
26,"DELETED",74,"06/21/2021 14:21:29.000",,,"Art","Art","art",1,"","N","Y","07/12/2021 05:27:04.000",495,1,109,5
27,"DELETED",14,"06/21/2021 16:18:49.000","06/23/2021 09:42:43.000","07/15/2021 04:30:43.000","Best source to learn React???","React","react",1,"","N","Y",,,1,1,0
28,"DELETED",14,"06/22/2021 12:55:53.000",,"07/15/2021 04:30:43.000","How to invest? ?","Investment","invest",1,"","Y","Y","08/03/2021 10:07:34.000",1005,922,323,3
29,"DELETED",115,"06/22/2021 16:50:32.000",,,"Check upload pictures ","Pic","add",1,"","Y","Y","07/12/2021 16:12:53.000",479,21,353,5
30,"DELETED",115,"06/22/2021 16:53:04.000",,,"Nfkkff","Nxndjjdnd","bdhd",1,"Jckvkkvm. Nfkfkrkf","N","Y",,,1,5,0
31,"DELETED",14,"06/23/2021 14:56:14.000","06/23/2021 09:42:43.000","07/15/2021 04:30:43.000","How to paint?","Art","art",1,"","N","Y",,,0,0,0
32,"DELETED",124,"06/24/2021 04:18:33.000",,,"What should I look for in my first guitar?","Guitar","babai,baiw,bshd,bshdhsh,bshs,hshd,hshs,hshshshs,r,yeb",10,"","Y","Y","07/13/2021 10:40:34.000",462,312,630,3
33,"DELETED",4,"06/24/2021 05:35:24.000",,"09/16/2021 02:01:12.000","Vhgh","Gg","t",1,"Cg","Y","Y",,,0,0,0
34,"DELETED",51,"06/24/2021 07:59:35.000",,"09/13/2021 23:50:34.000","User","Nfjdj","djdk,jridbd",2,"Bdhdjjd","N","Y",,,1,1,0
35,"DELETED",116,"06/25/2021 16:23:33.000",,"07/31/2021 08:19:37.000","12345678901234567890123456789012345678901234567890123456789012345678901234567890","123456789012345678901234567890","algonquin provincial park",1,"12345678901234567890123456789012345678901234567890123456789012345678901234567890","N","Y",,,1,5,0
36,"DELETED",118,"06/25/2021 16:24:15.000",,,"12345678901234567890123456789012345678901234567890123456789012345678901234567890123456789012345678901234567890123456789012345678901234567890","12345678901234567890123456789012","12345678901234567890123456789012345678901234567890,1234567890123456789012345678901234567890123456789012345678901234567890,random word",3,"1234567890123456789012345678901234567890123456789012345678901234567890","N","Y",,,1,6,0
37,"DELETED",116,"06/25/2021 16:30:58.000",,"07/31/2021 08:19:37.000","I‚Äôm looking to buy a mirrorless camera, switching from my DSLR. I heard the Fuji X system is really good. Thoughts on XT-3 vs XT-4?","Mirrorless Digital Photography","photography",1,"I have been shooting street photography for three years now and the DSLR is getting to be too big for me. The lenses are heavy and the shutter is very loud, which makes it hard to be discreet. I heard that mirrorless is good for this style of photography. Would appreciate any tips you can share. Thanks in advance!","N","Y","07/14/2021 13:11:43.000",453,196,434,2
38,"DELETED",118,"06/25/2021 16:33:03.000",,,"I'm trying to figure out how to play the game Total War: Three Kingdoms. It is a really great game. However somehow I always have trouble re","Computer Gaming","kingdoms",1,"Hello I am asking a question about a computer game. I'd appreciate it if you can help me out. Just a little bit of advice would be super duper helpful. Please reach out to me I really need some help right now. I would pay two million dollars if someone can help me in the next 4 minutes and thirty seconds. Please please! If you can do a voice call that would even be more awesome.","N","N","07/17/2021 00:12:13.000",512,541,137,3
39,"DELETED",132,"06/26/2021 02:27:18.000",,,"Test","Test","gehs,hana,hhh,hs,sfh,t,ttt,vgv,vvtf,vvv",10,"Have you ever had a chance kodukanum I have a lot of work but it's not the end of my shift is not a lot but I think it will take me a little more about ","Y","Y",,,0,0,0
40,"DELETED",6,"06/26/2021 03:58:02.000",,"07/12/2021 19:25:30.000","Test","Test","test",1,"","N","Y",,,1,1,0
41,"DELETED",4,"06/28/2021 03:23:05.000",,"09/16/2021 02:01:12.000","G","G","g",1,"","N","Y",,,1,5,0
42,"DELETED",134,"06/28/2021 06:45:44.000",,,"Test","Ge","t",1,"","N","Y","07/13/2021 10:41:51.000",364,215,557,1
43,"DELETED",139,"06/28/2021 09:00:23.000",,,"Art","Art","art",1,"","N","Y","07/12/2021 16:03:09.000",343,1108,397,4
44,"DELETED",140,"06/28/2021 09:16:44.000",,,"Test","Test","tea",1,"Test","Y","Y","07/12/2021 05:26:33.000",332,237,561,2
45,"DELETED",4,"06/28/2021 09:47:25.000",,"09/16/2021 02:01:12.000","Hhd","Hsh","bd",1,"","N","Y",,,1,8,0
46,"DELETED",4,"06/30/2021 02:42:26.000",,"09/16/2021 02:01:12.000","Test","Fsgs","te",1,"Gshshb","N","Y","07/09/2021 08:00:44.000",221,1,6,1
47,"DELETED",186,"07/05/2021 01:31:35.000",,,"User Qeustion Chat ","Questions and Answers","test",1,"","N","Y","07/09/2021 05:12:15.000",100,249,517,4
48,"DELETED",212,"07/06/2021 07:37:20.000",,,"Test","Ts","gs",1,"","N","Y","07/13/2021 01:44:35.000",162,210,461,4
49,"DELETED",213,"07/06/2021 12:09:01.000",,,"Check","Check","a,ca,cac,ce,cvs,f,ff,sv,svvev,ve",10,"","N","Y",,,0,0,0
50,"DELETED",213,"07/06/2021 12:11:53.000",,,"Checj","Checj","ch",1,"","Y","Y","07/13/2021 10:50:18.000",167,908,0,5
51,"DELETED",213,"07/06/2021 12:47:57.000",,,"Test","Test","test",1,"","N","Y","07/20/2021 04:12:05.000",327,761,476,3
52,"DELETED",214,"07/07/2021 01:57:07.000",,,"PhotographPhotographPhotographPhotographPhotographPhotographPhotographPhotographPhotographPhotographPhotograph","PhotographPhotographPhot","photographphotographphotographph",1,"PhotographPhotographPhotographPhotographPhotographPhotographPhotographPhotographPhotographPhotographPhotographPhotographPhotographPhotographPhotographPhotographPhotographPhotographPhotographPhotographPhotographPhotographPhotographPhotographPhotographPhotographPhotographPhotographPhotographPhotograph","N","Y",,,564,226,5
53,"DELETED",214,"07/07/2021 02:24:51.000",,,"Gh","Bh","art",1,"","N","Y","07/17/2021 00:17:01.000",238,517,357,4
54,"DELETED",228,"07/07/2021 16:33:09.000",,,"What are plant based options ","Plant based ","art,painting,plant",3,"","N","Y",,,0,0,0
55,"DELETED",227,"07/07/2021 16:36:53.000",,,"Hshdhdhhdhdhdhfhdhfhdhfbbfbcbcbcbcbfbfbbdbdbdbfbbfbcncncncnncncncbbcncnxkkxkcmc","Bdhdhd","art,paint",2,"","N","Y","07/12/2021 16:11:31.000",120,237,20,2
56,"DELETED",14,"07/07/2021 16:38:45.000",,"07/15/2021 04:30:43.000","Hshdhbdhfnfnfbfnnfnfhdhfbdbdbndbdbdbdbbdbfbfbcbcbfbbfbfbfbnfnfnfnfnnwjwjehbfjfieknfbdhhebd","Qeebfbdnjdjejejnendnncmgkckckkfk","test",1,"","N","Y",,,1,1,0
57,"DELETED",241,"07/12/2021 06:10:05.000",,,"Test","Test","art",1,"","N","Y","07/13/2021 10:34:36.000",28,510,415,4
58,"DELETED",14,"07/13/2021 15:58:35.000",,"07/15/2021 04:30:43.000","Testjxjdjjdjd","PhotographPhotographPhot","subject,test",2,"","N","Y",,,0,0,0
59,"DELETED",231,"07/14/2021 15:51:24.000",,,"User story test question","Test ","Testing",1,"","N","Y","07/16/2021 09:36:08.000",42,1,130,2
60,"DELETED",114,"07/14/2021 16:01:48.000",,,"Regarding Ontario reopening rules and regulatioms","Reopening","ontario,reopen,reopening",3,"","N","Y","07/14/2021 16:03:20.000",0,658,5,5
61,"DELETED",14,"07/15/2021 14:49:15.000",,,"How to bake brownie?","Cooking","cook",1,"","N","Y",,,489,15,5
62,"DELETED",183,"07/16/2021 09:35:23.000",,,"Testing questions ","Test","testing",1,"","N","Y","07/19/2021 01:15:13.000",64,205,334,1
63,"DELETED",277,"07/16/2021 10:06:23.000",,,"Best fast food","Best food","food",1,"","N","Y","07/17/2021 00:50:57.000",15,1024,13,4
64,"DELETED",280,"07/16/2021 12:24:22.000",,,"What is the best way to learn french?","French language","french,learn",2,"Tagline","Y","Y",,,207,334,3
65,"DELETED",281,"07/16/2021 12:30:40.000",,,"What are the best thriller movies","Movies","thriller",1,"","N","Y","07/19/2021 03:24:29.000",63,208,340,2
66,"DELETED",282,"07/16/2021 12:46:32.000",,,"What is CMS?","CMS","CMS",1,"","Y","Y",,,200,335,3
67,"DELETED",283,"07/16/2021 12:56:44.000",,,"What fun plans do you have for the weeekend","Weekend places","fun,weekend places",2,"","N","Y","07/26/2021 15:13:47.000",242,204,340,2
68,"DELETED",284,"07/16/2021 13:03:00.000",,,"What is the best domain website?","domain","domain",1,"","N","Y",,,261,391,0
69,"DELETED",285,"07/16/2021 13:10:52.000",,,"What makes you unique","Unique ","unique",1,"","N","Y",,,200,331,0
70,"DELETED",286,"07/16/2021 13:14:04.000",,,"Best agency to go to for the driver‚Äôs license ","Driving","driver,license",2,"","N","Y",,,254,384,0
71,"DELETED",287,"07/16/2021 13:18:34.000",,,"Best antique stores","Antique","antique",1,"","N","Y",,,234,363,0
72,"DELETED",23,"07/16/2021 14:54:16.000",,,"Best chocolate in the world","Chocolate","chocolate,chocolates",2,"","N","Y",,,539,331,3
73,"DELETED",279,"07/16/2021 15:31:26.000",,,"How to paint canvas?","Painting","canvas paint",1,"Canvas is here","Y","Y",,,35,164,2
74,"DELETED",244,"07/20/2021 12:04:43.000",,,"how to create an account on gmail?","gmail","gmail",1,"additional info for gmail","Y","Y","07/26/2021 14:32:53.000",146,339,177,5
75,"DELETED",244,"07/20/2021 12:07:43.000",,,"how to create an account on linkedin?","linkedin","linkedin",1,"additional details linkedin","Y","Y",,,238,9,2
76,"DELETED",279,"07/20/2021 14:27:03.000",,,"best route for biking in Toronto?","bike","bike",1,"","N","Y",,,0,0,0
77,"DELETED",279,"07/20/2021 14:27:41.000",,,"best place to visit in toronto?","place","place",1,"","N","Y",,,141,114,0
78,"DELETED",279,"07/20/2021 16:01:57.000",,,"test this question","Lorem ipsum dolor sit am","sit",1,"","Y","Y","07/27/2021 09:51:55.000",162,145,114,1
79,"DELETED",304,"07/21/2021 03:51:21.000",,"07/20/2021 22:21:21.000","Migration testing","Test","migration",1,"","Y","Y",,,1,49,0
80,"DELETED",4,"07/21/2021 10:36:18.000",,"09/16/2021 02:01:12.000","Gg","Bb","gg",1,"","N","Y",,,1,9,0
81,"DELETED",307,"07/22/2021 04:35:55.000",,"07/21/2021 23:05:55.000","Bsb","Vsbs","s",1,"Dbbs","N","Y",,,319,257,0
82,"DELETED",307,"07/22/2021 04:42:04.000",,"07/21/2021 23:12:04.000","PhotographPhotographPhotographPhotographPhotographPhotographPhotographPhotographPhotographPhotographPhotograph","Hd","b",1,"PhotographPhotographPhotographPhotographPhotographPhotographPhotographPhotographPhotographPhotographPhotographPhotographPhotographPhotographPhotographPhotographPhotographPhotographPhotographPhotographPhotographPhotographPhotographPhotographPhotographPhotographPhotographPhotographPhotographPhotograph","N","Y",,,224,285,0
83,"DELETED",307,"07/22/2021 04:46:23.000",,"07/21/2021 23:16:23.000","Bs","Hs","art",1,"Ha","N","Y","08/11/2021 14:35:32.000",490,222,283,1
84,"DELETED",120,"07/22/2021 07:58:29.000",,"07/22/2021 02:28:29.000","Bbs","Nsn","z",1,"","N","Y",,,216,275,0
85,"DELETED",279,"07/22/2021 11:32:08.000",,,"What is CRUD?","crud","crud",1,"","N","Y",,,52,116,0
86,"DELETED",312,"07/22/2021 12:03:57.000",,"07/22/2021 06:33:57.000","How to create jira ticket?","Jira","jira",1,"","N","Y",,,1,33,0
87,"DELETED",282,"07/22/2021 15:59:44.000",,"07/22/2021 10:29:44.000","Lorem ipsum dolor sit amet, consectetuer adipiscing elit. Aenean commodo ligula eget dolor. Aenean massa. Cum.","Hi","test",1,"Lorem ipsum dolor sit amet, consectetuer adipiscing elit. Aenean commodo ligula eget dolor. Aenean massa. Cum sociis natoque penatibus et magnis dis parturient montes, nascetur ridiculus mus. Donec quam felis, ultricies nec, pellentesque eu, pretium quis, sem. Nulla consequat massa quis enim. Donec.","N","Y",,,213,273,0
88,"DELETED",4,"07/23/2021 01:54:03.000",,"09/16/2021 02:01:12.000","Question","Question subjectaa","keyword",1,"Additional detailss","N","Y",,,1,26,0
89,"DELETED",307,"07/23/2021 06:33:10.000",,"07/23/2021 01:03:10.000","Hshs","Bxbz","bx",1,"","N","Y",,,210,258,0
90,"DELETED",307,"07/23/2021 09:48:30.000",,"07/23/2021 04:18:30.000","Fg","Gh","gh",1,"","N","Y",,,205,250,0
91,"DELETED",279,"07/23/2021 12:54:33.000",,,"Test profile inclusion","Inclusion","inclusion",1,"","N","N",,,45,90,0
92,"DELETED",231,"07/23/2021 13:08:30.000",,"07/23/2021 07:38:30.000","How many oceans are there ?","Oceans in the world","oceans,world",2,"None sure about the exact number","N","Y",,,1,27,0
93,"DELETED",280,"07/23/2021 13:31:24.000",,"07/23/2021 08:01:24.000","How to install windows?","windows","win,wind,windo",3,"","N","Y",,,217,262,0
94,"DELETED",265,"07/26/2021 01:17:42.000",,"08/01/2021 20:49:33.000","Question","Test","question test,test",2,"","N","Y",,,116,138,0
95,"DELETED",14,"07/26/2021 11:11:03.000",,"07/26/2021 05:41:03.000","Test this","Test","test",1,"","N","Y","08/17/2021 04:06:06.000",521,263,273,1
96,"DELETED",329,"07/26/2021 15:11:20.000",,"07/26/2021 09:41:20.000","Cc","Cc","b,c,cc,cv,d,e,s,v,xc,xvh",10,"Fc","N","Y",,,291,0,0
97,"DELETED",330,"07/26/2021 15:56:21.000",,"07/26/2021 10:26:21.000","Driving","Car ","driving car",1,"","N","Y",,,229,236,0
98,"DELETED",330,"07/26/2021 16:05:30.000",,"07/26/2021 10:35:30.000","How to drive","Driving","drive",1,"","N","Y",,,227,237,0
99,"DELETED",330,"07/26/2021 16:09:19.000",,"07/26/2021 10:39:19.000","What is the difference between png and jpg format?","Image format","format,image,jpg,png",4,"Jpg and png","Y","Y",,,236,246,0
100,"DELETED",264,"07/27/2021 07:27:53.000",,,"Football","Test alg","coaching,training",2,"Nothing","N","Y",,,213,215,0
101,"DELETED",264,"07/27/2021 08:58:12.000",,,"Angular","Angular test","angular",1,"","N","N",,,264,206,0
102,"DELETED",279,"07/27/2021 11:29:19.000",,,"Lorem ipsum dolor sit amet, consectetuer adipiscing elit. Aenean commodo ligula eget dolor. Aenean massa. Cum.","Lorem ipsum dolor sitsss","Lorem ipsum dolor sit amet, cons",1,"Lorem ipsum dolor sit amet, consectetuer adipiscing elit. Aenean commodo ligula eget dolor. Aenean massa. Cum sociis natoque penatibus et magnis dis parturient montes, nascetur ridiculus mus. Donec quam felis, ultricies nec, pellentesque eu, pretium quis, sem. Nulla consequat massa quis enim. Donec.","N","Y",,,92,52,0
103,"DELETED",259,"07/27/2021 14:11:22.000",,"09/08/2021 07:47:35.000","Ask anything related to surfing ","Surfing","surfing,swimming",2,"Any questions related to surfing 
","Y","Y","08/03/2021 11:21:44.000",165,338,258,2
104,"DELETED",328,"07/27/2021 14:14:15.000",,"07/27/2021 08:44:15.000","Best places to visit near me","Places","places near me",1,"","N","Y",,,108,72,0
105,"DELETED",14,"07/27/2021 15:19:44.000",,"07/27/2021 09:49:44.000","Ui design","Ui design","ui",1,"","N","Y",,,339,0,0
106,"DELETED",265,"07/28/2021 04:34:27.000",,"08/01/2021 20:49:33.000","Sorting","Sorting","sorting",1,"","N","Y",,,183,105,0
107,"DELETED",6,"07/28/2021 06:09:31.000",,"07/28/2021 00:39:31.000","Migration alg1","Alg sorting","sorting",1,"","N","Y","08/03/2021 03:29:04.000",141,209,169,5
108,"DELETED",263,"07/28/2021 07:32:35.000",,"09/07/2021 20:46:02.000","Latest data","Latest data","latest data",1,"","N","Y","08/07/2021 10:03:52.000",243,184,172,2
109,"DELETED",259,"07/28/2021 09:16:42.000",,"09/08/2021 07:47:35.000","New open question july 28","New sort","New sort",1,"New question","N","Y","08/03/2021 17:00:27.000",152,438,34,2
110,"DELETED",279,"07/28/2021 10:41:48.000",,,"No preview ","No preview ","nopreview,test",2,"","N","N",,,15,15,0
111,"DELETED",337,"07/28/2021 16:07:01.000",,"09/08/2021 07:44:58.000","How to cook ?","Cooking","cook,cooking",2,"Ask anything about cooking","N","N",,,16,16,0
112,"DELETED",279,"07/28/2021 16:23:11.000",,,"Best hiking place","Hiking ","hiking",1,"","N","N",,,14,14,0
113,"DELETED",308,"07/29/2021 01:02:46.000",,"07/28/2021 19:32:46.000","New","New chapter ","chapter",1,"","N","Y",,,242,242,0
114,"DELETED",307,"07/29/2021 01:04:32.000",,"07/28/2021 19:34:32.000","Test","Ttttt","ttttt",1,"","N","Y",,,169,169,0
115,"DELETED",308,"07/29/2021 01:05:08.000",,"07/28/2021 19:35:08.000","Ff","Cf","vip",1,"","Y","Y",,,195,195,0
116,"DELETED",264,"07/29/2021 01:21:38.000",,,"Show status","Bznnz","testshow",1,"","N","N",,,194,191,0
117,"DELETED",308,"07/29/2021 08:33:20.000",,"07/29/2021 03:03:20.000","New","New picks ","vip",1,"","Y","Y",,,178,178,0
118,"DELETED",308,"07/29/2021 08:42:07.000",,"07/29/2021 03:12:07.000","Venn","Venn","dd",1,"","N","Y",,,172,172,0
119,"DELETED",14,"07/29/2021 10:50:43.000",,"07/29/2021 05:20:43.000","HOW TO TEST - LATEST OPEN QUESTION","LATEST OPEN QUE","LATEST QUE",1,"","N","Y","08/17/2021 10:38:17.000",456,238,237,1
120,"DELETED",354,"07/29/2021 14:01:11.000",,"07/29/2021 08:31:11.000","When is the basketball game event happening in 2021","Games","mobile app,pasta,sports",3,"","N","Y",,,169,169,0
121,"DELETED",308,"07/30/2021 04:30:31.000",,"07/29/2021 23:00:31.000","Ggg","Gg","art,gh,ttttt",3,"","N","Y",,,172,172,0
122,"DELETED",357,"07/30/2021 08:36:01.000",,"07/30/2021 03:06:01.000","New","New","new",1,"Testing","Y","Y",,,160,160,0
123,"DELETED",365,"07/30/2021 12:43:47.000",,"07/30/2021 07:13:47.000","Best books","Book","book,environment",2,"","N","N",,,198,16,0
124,"DELETED",361,"07/30/2021 12:46:26.000",,"07/30/2021 07:16:26.000","test open question","test","testing",1,"","Y","Y","08/03/2021 01:30:35.000",85,158,154,1
125,"DELETED",353,"07/30/2021 13:39:47.000",,"07/30/2021 08:09:47.000","Vaccination locations ","Vaccine","covid",1,"","N","Y",,,148,147,0
126,"DELETED",376,"07/30/2021 15:43:08.000",,"07/30/2021 10:13:08.000","Tsd","Tes","rt",1,"","N","Y",,,389,13,0
127,"DELETED",376,"07/30/2021 15:45:44.000",,"07/30/2021 10:15:44.000","Yh","Ghj","bh",1,"","N","Y",,,147,146,0
128,"DELETED",356,"07/30/2021 16:52:34.000",,"07/30/2021 11:22:34.000","How to subscribe to linkedIn premium?","linkedIn","linkedin,premium,subscription",3,"linkedIn subscription","Y","Y","08/07/2021 10:10:11.000",185,413,10,2
129,"DELETED",356,"07/30/2021 16:54:02.000",,"07/30/2021 11:24:02.000","best platform to read books online?","online book reading","book,online,reading",3,"","N","Y","08/10/2021 15:04:07.000",262,168,157,1
130,"DELETED",356,"07/30/2021 16:55:06.000",,"07/30/2021 11:25:06.000","what is the best framework automation testing?
","testing","automation,testing",2,"","N","Y",,,184,0,0
131,"DELETED",356,"07/30/2021 16:55:38.000",,"07/30/2021 11:25:38.000","what is time travel?","time trevel","time travel",1,"","N","Y",,,156,155,0
132,"DELETED",381,"08/02/2021 03:12:20.000",,"08/01/2021 21:42:20.000","Te","Gg","ttttt",1,"","N","Y",,,135,135,0
133,"DELETED",310,"08/02/2021 03:37:17.000",,"08/01/2021 22:07:17.000","My post","Postt","my post",1,"","N","Y",,,137,137,0
134,"DELETED",310,"08/02/2021 03:41:02.000",,"08/01/2021 22:11:02.000","Neww question","Tesss","new question",1,"","N","Y","08/02/2021 03:42:47.000",0,126,126,2
135,"DELETED",310,"08/02/2021 03:48:37.000",,"08/01/2021 22:18:37.000","Display none post","Disply none","display none post",1,"","N","N",,,118,114,0
136,"DELETED",380,"08/02/2021 04:33:00.000",,"08/01/2021 23:03:00.000","Test","Gsh","gs",1,"","N","N",,,2,2,0
137,"DELETED",380,"08/02/2021 06:26:31.000",,"08/02/2021 00:56:31.000","Eg","Fd","fggg",1,"","N","Y",,,1,1,0
138,"DELETED",379,"08/02/2021 11:32:26.000",,"08/02/2021 06:02:26.000","How do I make a post on Venn and what happens if I type more than the 110 permitted characters? Does it just s","Testing the posting form","test",1,"This is the input field for additional details. It has a 300 character limit. Let‚Äôs test the character limit of this input field by typing a lot of words to see what happens when you do reach that character limit in this field. Does it work the same way as the other input fields in this form or woul","N","Y",,,74,73,0
139,"DELETED",380,"08/03/2021 02:30:46.000",,"08/02/2021 21:00:46.000","Cricket ","Cr","crick",1,"","N","Y","08/03/2021 02:31:15.000",0,8,8,5
140,"DELETED",308,"08/03/2021 05:56:47.000",,"08/03/2021 00:26:47.000","No","Vv","blue",1,"","N","Y",,,113,113,0
141,"DELETED",380,"08/03/2021 05:58:50.000",,"08/03/2021 00:28:50.000","Test","D","redot",1,"","N","Y","08/03/2021 06:00:14.000",0,115,115,1
142,"DELETED",380,"08/03/2021 06:02:20.000",,"08/03/2021 00:32:20.000","Te","F","rose",1,"","N","Y","08/03/2021 09:39:59.000",4,122,122,4
143,"DELETED",249,"08/03/2021 09:18:07.000",,"08/03/2021 03:48:07.000","New question","New question","govind",1,"","N","Y","08/03/2021 09:18:56.000",0,7,7,5
144,"DELETED",388,"08/03/2021 11:11:55.000",,"08/03/2021 05:41:55.000","Any question regarding fishing","Fishing","fish,ocean,seafood",3,"Ask anything regarding fishing","N","N",,,122,120,0
145,"DELETED",390,"08/03/2021 13:06:09.000",,"08/03/2021 07:36:09.000","Which is the largest ocean ?","Oceans of the world","biggest,ocean",2,"","N","Y",,,99,97,0
146,"DELETED",391,"08/03/2021 13:11:24.000",,"08/03/2021 07:41:24.000","Best coaching for basket ball?","basketball","basketball",1,"","N","Y",,,103,103,0
147,"DELETED",392,"08/03/2021 15:18:42.000",,"08/03/2021 09:48:42.000","What kind of art is easy to learn?","easy art","easy art",1,"","Y","Y",,,99,99,0
148,"DELETED",392,"08/03/2021 15:19:57.000",,"08/03/2021 09:49:57.000","What are the future scope in construction?","construction","civil,construction",2,"","N","Y",,,100,100,0
149,"DELETED",392,"08/03/2021 15:21:40.000",,"08/03/2021 09:51:40.000","What are some books that will expand our mind?","books","books",1,"Mostly non-fiction with some glimmering specks of fiction gold, the master list of books compiled here will do things like teach you how to eat right, explain the crippling effects of religious dogma on the human psyche, discuss the relevance of feminism in modern society, and even‚Äîaccording to one ","Y","N",,,105,103,0
150,"DELETED",389,"08/03/2021 15:49:41.000",,"08/03/2021 10:19:41.000","Types of testing","Testing","mobile",1,"","Y","Y","08/06/2021 01:32:25.000",58,95,95,2
151,"DELETED",379,"08/03/2021 16:14:59.000",,,"Anton‚Äôs question","Test","test",1,"","N","Y",,,54,54,0
152,"DELETED",392,"08/03/2021 17:31:52.000",,"08/03/2021 12:01:52.000","how to cook italian food?","food","italian",1,"","N","N",,,98,97,0
153,"DELETED",389,"08/03/2021 17:32:45.000",,"08/03/2021 12:02:45.000","Testing","Types of testing","automation testing",1,"","N","N",,,100,98,0
154,"DELETED",387,"08/04/2021 01:02:32.000",,"08/03/2021 19:32:32.000","Test","Tdd","v",1,"","N","Y",,,113,113,0
155,"DELETED",387,"08/04/2021 03:19:50.000",,"08/03/2021 21:49:50.000","Test","Gsh","art,ff,hen,hh,y he,yy",6,"","N","Y",,,107,107,0
156,"DELETED",380,"08/04/2021 05:07:08.000",,"08/03/2021 23:37:08.000","Yfuf","Yfyfuc","hchc",1,"","N","Y","08/04/2021 08:27:16.000",3,117,116,4
157,"DELETED",259,"08/04/2021 09:36:50.000",,"09/08/2021 07:47:35.000","How to surf","Surfing123","surfing",1,"None","N","N",,,99,99,0
158,"DELETED",399,"08/04/2021 11:46:59.000",,"08/04/2021 06:16:59.000","Qa","Qa","qa",1,"","N","N",,,92,92,0
159,"DELETED",343,"08/04/2021 12:58:00.000",,"09/15/2021 07:41:05.000","Profile inclusion","Profile","profile",1,"Testing profile inclusion","N","Y",,,101,102,0
160,"DELETED",400,"08/04/2021 13:06:17.000",,"08/04/2021 07:36:17.000","Build 8.5","8.5","build",1,"Testing","N","N",,,89,89,0
161,"DELETED",401,"08/04/2021 13:12:51.000",,"08/04/2021 07:42:51.000","how to drive a car?","car","car",1,"","N","Y","08/04/2021 13:17:30.000",0,95,95,1
162,"DELETED",402,"08/04/2021 13:14:27.000",,"08/04/2021 07:44:27.000","Online learning","Remote learning ","virtual class",1,"","N","N",,,118,93,0
163,"DELETED",263,"08/05/2021 02:47:59.000",,"09/07/2021 20:46:02.000","Display test","Display test","display test",1,"","N","N","08/06/2021 03:36:22.000",25,79,79,1
164,"DELETED",334,"08/05/2021 06:01:24.000",,,"Tesstng","Charles","charles lewis",1,"","N","Y",,,0,0,0
165,"DELETED",379,"08/05/2021 12:09:26.000",,"08/05/2021 06:39:26.000","üëç","üòÅ","üëå",1,"üëè","N","Y",,,183,2,0
166,"DELETED",253,"08/06/2021 08:49:47.000",,"08/06/2021 03:19:47.000","Tr","Trtr","tr",1,"","N","N",,,94,26,0
167,"DELETED",407,"08/06/2021 09:00:01.000",,"08/06/2021 03:30:01.000","New data","Data","new",1,"","N","Y",,,80,81,0
168,"DELETED",328,"08/06/2021 12:05:12.000",,"08/06/2021 06:35:12.000","Profile display question","Inclusion ","profile",1,"Profile inclusion ","Y","N",,,188,10,0
169,"DELETED",337,"08/06/2021 12:07:50.000",,"09/08/2021 07:44:58.000","Display check","Display","profile",1,"Profile info should not be visiblebsbsbsbsbsbxbsbzbzbzbzbzbzbzbbzbsbsbzbzbxbxjdndvdbjzbzbsbsbzbzuendbsbsksksndhjeuendgskshdndhskzhdndhdndndmxnxhdnxndndnxnnxnxnxnxnxnxnxnxnzxnnznxnxnxnxnxnxnxjxnnxnxnxnxnxnxnxnnznxnndndndnxnxnxnxnxnxnbxnxbx","N","Y",,,106,92,0
170,"DELETED",419,"08/07/2021 17:37:02.000",,"08/07/2021 12:07:02.000","What is this thing?","General","air balloon,hot air baloon,van Gogh",3,"Saw this in a parking lot","Y","Y",,,51,51,0
171,"DELETED",379,"08/09/2021 11:18:43.000",,"08/09/2021 05:48:43.000","Monday UAT question","UAT","test",1,"This is the input field for additional details. It has a 300 character limit. Let‚Äôs test the character limit of this input field by typing a lot of words to see what happens when you do reach that character limit in this field. Does it work the same way as the other input fields in this form or woul","N","N",,,40,40,0
172,"DELETED",361,"08/09/2021 17:30:04.000",,"08/09/2021 12:00:04.000","How to cook while travelling","Travel","cooking,easy cooking,sandwich,travelling",4,"","N","Y",,,39,41,0
173,"DELETED",218,"08/11/2021 01:18:09.000",,"08/10/2021 19:48:09.000","Adjkaslkdjaklsdjklasdjklasdjaklsdjlakdsjlkadsjlkasdjlkadsjlkadsjlkadsjlkadsjlkasdjlkasdjlkasdjklasjdlkadsklajd","Asdasdlasdjlkjadslkjasdl","aa,aaaa,dd,eeee,qqqqq,qwqwqwqw,wdsad,www,wwwwww",9,"","N","Y",,,17,2033,0
174,"DELETED",418,"08/11/2021 10:03:54.000",,"08/11/2021 04:33:54.000","Big question","Big","huge",1,"That was the question","N","Y",,,10,10,0
175,"DELETED",446,"08/11/2021 14:20:28.000",,"08/11/2021 08:50:28.000","Sample topic","Test","test,testing,Ui",3,"None","Y","Y",,,12,18,0
176,"DELETED",445,"08/11/2021 16:03:29.000",,"08/11/2021 10:33:29.000","What is integrity testing? 

The honesty or integrity of individuals can be tested via pre-employment screenin","Testing","integrity",1,"The honesty or integrity of individuals can be tested via pre-employment screening from employers.[citation needed] Employers may administer personnel selection tests within the scope of background checks that are used to assess the likelihood that behavior. Integrity tests are administered to asses","N","Y",,,9,10,0
177,"DELETED",445,"08/11/2021 16:06:42.000",,"08/11/2021 10:36:42.000","The honesty or integrity of individuals can be tested via pre-employment screening from employers.[citation ne","Firearm","firearms",1,"The honesty or integrity of individuals can be tested via pre-employment screening from employers.[citation needed] Employers may administer personnel selection tests within the scope of background checks that are used to assess the likelihood that behavior. Integrity tests are administered to asses","N","Y",,,15,16,0
178,"DELETED",445,"08/11/2021 16:28:56.000",,"08/11/2021 10:58:56.000","Best air fryer brand","Air fryer ","airfryer",1,"","N","Y",,,16,17,0
179,"DELETED",448,"08/12/2021 04:09:31.000",,"08/11/2021 22:39:31.000","Be there for you and I to come to your yysbshsbjbhsbdjjdn I bzu to rye and y üòî I wil","B yeah when everyone els","g",1,"hdb@mailinator.com to get a while we are gone with my bro and everything is everything okay with your company I have the status on the requirement of the time and I have work well","N","Y",,,33,48,0
180,"DELETED",461,"08/16/2021 03:30:42.000",,"08/15/2021 22:00:42.000","Tets","Twts","ysh",1,"Hdhdhdhhd I am using the status on the latest version enga download it to end testing the new year is treating the i icon and functional and y da way to go to the gym enga iruka pudichu the chat room for rent and I have to get y da and y the status on this email address will check üëçüòäüòâ we connect ","Y","Y",,,19,1530,0
181,"DELETED",437,"08/16/2021 09:20:24.000",,,"Suspended account ","Suspended","suspended",1,"","N","Y",,,2,2,0
182,"DELETED",425,"08/16/2021 14:21:27.000",,"08/16/2021 08:51:27.000","Question 1","Question","kw1,kw2,kw3",3,"Details","N","Y",,,0,0,0
183,"DELETED",425,"08/16/2021 14:22:44.000",,"08/16/2021 08:52:44.000","Question 3","Question2","kw1,kw2,kw3,kw4",4,"Test","N","Y",,,0,0,0
184,"DELETED",425,"08/16/2021 14:23:12.000",,"08/16/2021 08:53:12.000","Question 1","Question 3","test",1,"","N","Y",,,0,0,0
185,"DELETED",425,"08/16/2021 14:24:34.000",,"08/16/2021 08:54:34.000","Test","Test","te,tt",2,"","N","Y","08/17/2021 11:49:47.000",21,20,1467,1
186,"DELETED",379,"08/16/2021 14:32:50.000",,"08/16/2021 09:02:50.000","Question 1","Same subject","subject",1,"","N","Y",,,15,1468,0
187,"DELETED",337,"08/17/2021 11:30:34.000",,"09/08/2021 07:44:58.000","Display test","Display check","display,‚ò∫Ô∏è",2,"It is a long established fact that a reader will be distracted by the readable content of a page when looking at its layout. The point of using Lorem Ipsum is that it has a more-or-less normal distribution of letters, as opposed to using 'Content here, content here', making it look like readable Eng","N","Y","08/17/2021 11:43:55.000",0,42,1451,3
188,"DELETED",6,"08/18/2021 04:53:41.000",,,"Test1","Test","tag",1,"","N","Y","08/26/2021 01:01:47.000",188,18,1334,2
189,"DELETED",6,"08/18/2021 04:54:03.000",,"08/17/2021 23:24:03.000","Test","Test","test",1,"","N","Y",,,6,1262,0
190,"DELETED",328,"08/18/2021 11:32:06.000",,"08/18/2021 06:02:06.000","BBbBBBBBzbbzbzbshsbshwhehshsjznbzjshsbsbzbzhzhsbshshsheysnzhsuenshushehsbshshshshshsbshi susjsbhwhsnshsbshushb","123456789012345678901234","art",1,"","N","Y",,,10,1210,0
191,"DELETED",328,"08/18/2021 11:33:20.000",,"08/18/2021 06:03:20.000","ba","y","art",1,"","N","Y",,,7,1209,0
192,"DELETED",328,"08/18/2021 11:33:57.000",,,"bba","bBa","b",1,"","N","Y",,,0,0,0
193,"DELETED",328,"08/18/2021 11:38:00.000",,,"av","va","art",1,"","N","Y",,,0,0,0
194,"DELETED",328,"08/18/2021 11:43:00.000",,"08/18/2021 06:13:00.000","a","a","none",1,"","N","Y",,,9,1204,0
195,"DELETED",6,"08/19/2021 04:20:12.000",,"08/18/2021 22:50:12.000","Creation","Creation","creation",1,"","N","Y",,,0,0,0
196,"DELETED",6,"08/19/2021 05:46:11.000",,"08/19/2021 00:16:11.000","Exptest","Exptest","exptest",1,"","N","Y",,,0,0,0
197,"DELETED",218,"08/20/2021 01:01:02.000",,"08/19/2021 19:31:02.000","Asdasdasdasdsaasdasdasdsasdasdasasd","Ccccadsasdadsddasdasdasd","ff",1,"Asdasdasdasdasdasdasjkdhakjsdhaskjdhaskjdhaksjdhkajdhs,amen,mashdjkasdlasjdhjkasdhjkasdhkjasdhjkashdjkashjkahdjkasdhjkadshjkahjkashkjasdhjkasdhkjasdhkjasdhkjasdhjkasdhajksdhasjkdhasdkjhasjkdhsadkjhadksjhadjkshsadjajksdjhasdkhjasajsdjadshjadskadjkskadsadshjkasdhjkadshjkadsadsjkhadsadshjkdasadshjkadsh","N","Y",,,8,1003,0
198,"DELETED",218,"08/20/2021 01:14:11.000",,"08/19/2021 19:44:11.000","Question Question Question Question Question Question Question Question Question Question Question Question Qu","Subject ssssssssssssssss","ssss,ssssssss",2,"Additional Details Additional Details Additional Details Additional Details Additional Details Additional Detailsdsakjahsdjkasdjkadhskjahsdjkashdkjahdjksadhkjasdhjkadhskjahsdjkahsdjkasdhkjadhsjkasdhkajsdhjkasdhajksdhasjdhjkashdjsadhjkashdjksadhjkasdhjaksdhjasdhjkadskjajkdskjasdkjadskjadksjadsjkhadsj","N","Y",,,7,1005,0
199,"DELETED",218,"08/20/2021 01:15:39.000",,"09/12/2021 20:15:20.000","Asdasdasdasdasdlkuqweklwjqquweoiqwueoiqwueoiqwueoiqweuoiwequoeiqwuoiqweuoiqwueoiequwoiwqeuoiqwueoiwquoiwqeuoqw","Asdasdaklshjklasdjklasdj","aaaa",1,"","Y","Y",,,31,1153,0
200,"DELETED",253,"08/20/2021 03:07:30.000",,"08/19/2021 21:37:30.000","Vsbbzbzussbs","V","v",1,"Yhgh to get a lot done today so I'm going in to work at least I will be there at least the first week of April and functional testing and I to come to the meeting tonight bro I got y the status by the time I will t the user story for this week and I will update you on invite friends section in profi","N","Y",,,13,74,0
201,"DELETED",487,"08/20/2021 03:27:57.000",,"08/19/2021 21:57:57.000","Teusjdjjdjddjdjdjdjdjjddjd
Djdjdjdj
Dudjd

Dudjdn
Dmdudmfjdmdid
Hshshjsjdj
Jsjs
She

She
Dhd
D
Dhd
","Fs","gs",1,"Hebbsh","N","Y",,,7,974,0
202,"DELETED",253,"08/20/2021 04:35:54.000",,"08/19/2021 23:05:54.000","V","V","bz",1,"  Z","N","Y",,,10,71,0
203,"DELETED",253,"08/20/2021 04:36:16.000",,"08/19/2021 23:06:16.000","V","Vv","d,v",2,"","N","Y",,,11,62,0
204,"DELETED",253,"08/23/2021 03:13:52.000",,,"Open qt1","Open","open",1,"Vzbsn","N","Y","09/02/2021 11:10:45.000",248,25,172,2
205,"DELETED",253,"08/23/2021 03:57:41.000",,,"Rest edu I have a few more things to get y the status on this bugs me the user name is this the same one as we","Ge","gs",1,"","N","N","08/31/2021 02:59:44.000",191,21,167,1
206,"DELETED",253,"08/23/2021 03:58:23.000",,"08/22/2021 22:28:23.000","Clos","Close","close",1,"","N","Y",,,0,0,0
207,"DELETED",253,"08/23/2021 08:20:33.000",,,"Open","Open","ope",1,"","N","Y",,,20,186,0
208,"DELETED",253,"08/23/2021 08:20:55.000",,,"Open","Open","op",1,"","N","Y","09/03/2021 08:35:08.000",264,26,166,1
209,"DELETED",253,"08/23/2021 08:21:46.000",,,"Hx","Gx","gx",1,"","N","Y",,,21,166,0
210,"DELETED",307,"08/26/2021 07:08:18.000",,"09/08/2021 01:38:20.000","Tehte tebs the same as last time we spoke I was wondering I y the same time as well with the end testing atest","Test","testy",1,"Test","N","Y","09/02/2021 14:14:52.000",175,16,455,2
211,"DELETED",253,"08/26/2021 09:13:13.000",,,"Test","Test","art",1,"","N","Y",,,16,130,0
212,"DELETED",337,"08/27/2021 12:58:59.000",,"09/08/2021 07:44:58.000","Display test","Display check","display",1,"","N","Y","09/01/2021 03:37:53.000",111,34,204,2
213,"DELETED",307,"08/30/2021 03:22:28.000",,"09/22/2021 04:22:50.000","F","Cf","h",1,"Yes bro üíØ r fine üëçüëåüëåüëçüíØüëçüëçüëçüò¨üëåüëçüíØüëçüëåüëçüëç email everyone else is not a good time üò°üò†üò°üò°üòÅ r üíØüíØ r üíØ r email me the link to get a hold of the day and then I can get a copy üòäüòâüòÅüëçüòäüòäüòäüëçüòäüòäüòÅüëçüòÅüëçüòÅüëçüòäüòäüòÅüëçüòäüòäüòäüëçüòÅüëçüòÅüëçüòäüëçüòÅüëçüòÅüëçüòäüòäüòäüòÅ r fine üëçüëç email address üòäüëçüòÅüòäüëçüëç ","N","Y",,,53,416,0
214,"DELETED",253,"08/30/2021 03:22:45.000",,,"E","F","f",1,"","N","Y",,,13,90,0
215,"DELETED",218,"08/30/2021 04:25:01.000",,"09/11/2021 22:55:10.000","Question","Subject","aa",1,"","N","Y",,,40,289,0
216,"DELETED",218,"08/30/2021 09:52:55.000",,"09/12/2021 04:23:00.000","555","55","pp",1,"","N","Y","09/07/2021 11:36:49.000",194,37,267,1
217,"DELETED",253,"08/31/2021 00:40:24.000",,,"Vx","Bz","vx",1,"","N","Y",,,15,72,0
218,"DELETED",253,"08/31/2021 00:40:34.000",,,"Gzh","Vzvv","bsb",1,"Gs","N","Y",,,14,74,0
219,"DELETED",253,"08/31/2021 00:40:47.000",,,"Hhj","Bbz","bbd",1,"","N","Y",,,16,74,0
220,"DELETED",6,"08/31/2021 01:27:09.000",,"08/30/2021 19:57:09.000","14 day expiry","14 days","expiry",1,"","N","Y","08/31/2021 09:12:33.000",8,6,19,1
221,"DELETED",379,"08/31/2021 20:37:49.000",,"09/13/2021 15:07:50.000","Should I use the iPad Pro or iPad Air for digital art?","Digital Art","art,digital art,ipad",3,"","N","Y","09/02/2021 11:10:34.000",39,43,222,4
222,"DELETED",253,"09/02/2021 01:19:07.000",,,"Yhs","Hhs","hhs",1,"","N","Y",,,2,2,0
223,"DELETED",253,"09/02/2021 03:15:18.000",,,"Vz","Vx","gs",1,"","N","Y",,,13,59,0
224,"DELETED",253,"09/02/2021 09:12:09.000",,,"Demo","13 days ","13",1,"","N","Y","09/02/2021 09:24:05.000",0,5,9,5
225,"DELETED",253,"09/02/2021 09:12:27.000",,"09/02/2021 03:42:27.000","Test","14 days ","14",1,"","N","Y",,,1,2,0
226,"DELETED",498,"09/02/2021 09:59:03.000",,"09/15/2021 04:29:10.000","Best chef","Chef ","chef",1,"","N","Y","09/02/2021 11:51:38.000",2,36,315,1
227,"DELETED",343,"09/02/2021 09:59:08.000",,"09/15/2021 07:41:05.000","Pinned question","Pin close","pinned",1,"","N","Y","09/02/2021 09:59:50.000",0,5,3,5
228,"DELETED",343,"09/02/2021 10:52:12.000","09/13/2021 05:40:07.000","09/15/2021 07:41:05.000","Push notification test","Push notification","push",1,"","N","Y","09/07/2021 10:57:21.000",120,29,217,1
229,"DELETED",259,"09/02/2021 10:56:38.000",,"09/08/2021 07:47:35.000","Test post 3","Test","test",1,"","N","Y","09/02/2021 10:57:08.000",0,4,10,5
230,"DELETED",337,"09/02/2021 11:17:41.000",,"09/08/2021 07:44:58.000","What place is this ?","Guess","california,longbeach",2,"Hint: West coast","Y","Y","09/06/2021 03:01:05.000",88,23,98,1
231,"DELETED",337,"09/02/2021 11:33:59.000",,"09/08/2021 07:44:58.000","new ","question","art",1,"","N","Y","09/08/2021 06:28:16.000",139,22,105,1
232,"DELETED",259,"09/02/2021 12:33:19.000",,"09/08/2021 07:47:35.000","Test post","Test","test",1,"","N","Y","09/05/2021 06:25:27.000",66,18,113,1
233,"DELETED",259,"09/02/2021 12:41:23.000",,"09/08/2021 07:47:35.000","Bab b bzbzhzjshzhzusnshsjsbzhsbshshbzbx","12234444440494949","pool",1,"","N","Y",,,6,19,0
234,"DELETED",259,"09/02/2021 12:41:56.000",,"09/08/2021 07:47:35.000","Test post","Test","test",1,"","N","Y",,,18,110,0
235,"DELETED",416,"09/03/2021 14:17:07.000",,"09/16/2021 08:47:10.000","Algorithm keyword","Test","key1,key2,key3,key4,key5,key6,key7,key8,key9",9,"","N","Y","09/06/2021 03:01:55.000",61,53,320,4
236,"DELETED",253,"09/05/2021 07:30:09.000",,,"R","F","art",1,"D","N","Y",,,2,8,0
237,"DELETED",513,"09/06/2021 04:53:02.000",,"09/18/2021 23:23:10.000","T","F","f",1,"","N","Y",,,47,416,0
238,"DELETED",521,"09/07/2021 11:38:53.000",,"09/20/2021 06:09:00.000","Te","Gs","hd",1,"","N","Y","09/15/2021 13:27:28.000",194,47,327,1
239,"DELETED",361,"09/07/2021 12:42:12.000",,,"What should I look for when buying a laptop? ","Computer database ","art,development ,digital art,laptop ,Microsoft ",5,"","N","Y",,,0,0,0
240,"DELETED",361,"09/07/2021 12:44:37.000",,"09/23/2021 06:02:40.000","What should I look for when buying a laptop?","High quality ","development ,digital art,laptop ",3,"","N","Y",,,43,226,0
241,"DELETED",343,"09/07/2021 14:13:38.000","09/13/2021 05:40:07.000","09/15/2021 07:41:05.000","Best series to watch","TV ","netflix,series",2,"","N","Y",,,16,98,0
242,"DELETED",343,"09/07/2021 14:14:21.000","09/13/2021 05:40:07.000","09/15/2021 07:41:05.000","Best drama movies","Movies","drama,movies",2,"","N","Y",,,22,100,0
243,"DELETED",343,"09/07/2021 14:15:12.000","09/13/2021 05:40:07.000","09/15/2021 07:41:05.000","Windows or Mac ?","laptops","mac,windows",2,"","N","Y",,,20,98,0
244,"DELETED",259,"09/07/2021 14:17:41.000",,"09/08/2021 07:47:35.000","Android or iOS","Platform","android,iOs",2,"","N","Y",,,8,26,0
245,"DELETED",6,"09/08/2021 00:12:28.000",,,"New one","Test","new one",1,"","N","Y",,,1,3,0
246,"DELETED",263,"09/08/2021 02:13:22.000","09/07/2021 20:44:20.000","09/07/2021 20:46:02.000","Delete","Delete","delete",1,"","N","Y",,,0,0,0
247,"DELETED",263,"09/08/2021 02:17:52.000",,"09/07/2021 20:56:50.000","Cron with delete","Cron","cron with delete",1,"","N","Y",,,0,0,0
248,"DELETED",263,"09/08/2021 02:31:35.000",,,"Delete test","Delete","delete test",1,"","Y","Y",,,0,0,0
249,"DELETED",263,"09/08/2021 02:37:44.000",,"09/07/2021 21:08:15.000","Delete manual","Manual","delete",1,"","N","Y",,,0,0,0
250,"DELETED",263,"09/08/2021 02:45:27.000",,"09/20/2021 21:31:30.000","Resubmit checking","Re","resubmit ",1,"","N","Y",,,44,344,0
251,"DELETED",259,"09/08/2021 13:41:11.000",,"09/21/2021 10:25:40.000","Which is the biggest ocean ?","Oceans ","ocean",1,"Bzbzbzbzbxbxjxnxhxbxhdnxhejudjdurjedbdjudnehdndhdudneudnduemduskdgwndhkwudjehdndhendyneudnehdnxhenxhhegsbdhwndgjshdbsbzn","N","Y","09/15/2021 18:17:47.000",173,44,286,3
252,"DELETED",343,"09/08/2021 15:06:25.000","09/13/2021 05:40:07.000","09/15/2021 07:41:05.000","Word count","Test","count",1,"Apart from counting words and characters, our online editor can help you to improve word choice and writing style, and, optionally, help you to detect grammar mistakes and plagiarism. To check word count, simply place your cursor into the text box above and start typing. You'll see the number of 300","Y","Y",,,17,68,0
253,"DELETED",517,"09/09/2021 02:45:31.000",,"09/21/2021 21:15:40.000","Impression","Imp rat ","rate",1,"","N","Y","09/09/2021 02:55:54.000",0,27,107,5
254,"DELETED",6,"09/09/2021 05:24:42.000",,"09/11/2021 03:45:48.000","Testttt","Testtttt","rest",1,"","N","Y",,,9,55,0
255,"DELETED",263,"09/09/2021 05:40:12.000",,"09/22/2021 00:10:20.000","Response count","Count","count",1,"","N","Y","09/09/2021 05:42:37.000",0,40,292,1
256,"DELETED",307,"09/09/2021 08:34:52.000",,"09/22/2021 03:05:00.000","Test","Imp","imp",1,"","N","Y","09/09/2021 09:47:05.000",1,45,261,1
257,"DELETED",6,"09/11/2021 09:15:48.000",,"09/12/2021 22:26:06.000","Testttt resubmit","Testtttt","rest,tag1",2,"","N","Y",,,2,2,0
258,"DELETED",6,"09/13/2021 03:56:06.000",,"09/13/2021 01:56:03.000","Testttt resubmit done","Testtttt","rest,tag1",2,"Optional","Y","Y",,,0,0,0
259,"DELETED",6,"09/13/2021 07:26:03.000","09/13/2021 18:53:13.000","09/26/2021 01:56:10.000","Testttt resubmit","Testtttt","rest,tag1",2,"Optional","Y","Y",,,6,16,0
260,"DELETED",343,"09/13/2021 11:31:33.000",,"09/15/2021 07:41:05.000","Word count","Test","count",1,"Apart from counting words and characters, our online editor can help you to improve word choice and writing style, and, optionally, help you to detect grammar mistakes and plagiarism. To check word count, simply place your cursor into the text box above and start typing. You'll see the number of 300","Y","Y",,,17,55,0
261,"DELETED",416,"09/13/2021 11:38:37.000",,"09/14/2021 08:05:08.000","Haha","Bzbz","bBzm",1,"Baba","N","Y",,,7,16,0
262,"DELETED",343,"09/13/2021 13:06:15.000",,"09/15/2021 07:41:05.000","Best series to watch","TV ","netflix,series",2,"Which is the best drama series to watch on Netflix ??","Y","Y",,,16,61,0
263,"DELETED",328,"09/13/2021 14:59:46.000",,"09/13/2021 09:29:50.000","hey","bsbs","art",1,"none","N","Y",,,0,0,0
264,"DELETED",543,"09/13/2021 15:32:44.000",,"09/24/2021 08:24:20.000","This is post from production user","Production builds","production",1,"Prod","N","Y",,,39,194,0
265,"DELETED",545,"09/13/2021 17:54:46.000",,"09/24/2021 08:23:15.000","How to use firebase ?","Firebase","firebase,google",2,"   
Firebase projects are Google Cloud Platform projects that use Firebase services. ","Y","Y",,,35,182,0
266,"DELETED",218,"09/14/2021 02:17:21.000","09/17/2021 08:42:48.000","09/26/2021 20:47:30.000","Hhh","Hhh","bbh",1,"Gb hkkcccghbvbbfhffrfbrybthybybybybybybybynynnghnynnyngngnhnhnyngnynhnhnynynhnhnynynunhnynynhnhnyngnynyngngchcbcbcbcbcbcbcbcbcncnccjvncnncchcncnvoncnvcnvncncnvnvvmvncncncnnccncncncncnvncncncncncncncnvnvnvnvnvnvnvnvncnvnvnvncnvnvnvncncnvn","Y","N",,,38,106,0
267,"DELETED",307,"09/14/2021 05:52:55.000",,"09/27/2021 00:23:00.000","te","Gsg","vs",1,"","N","Y",,,37,176,0
268,"DELETED",307,"09/14/2021 06:01:35.000",,"09/14/2021 00:37:37.000","T","G","gg",1,"","N","Y",,,1,5,0
269,"DELETED",307,"09/14/2021 06:02:22.000",,"09/27/2021 00:32:30.000","R","V","vv",1,"","N","Y","09/16/2021 00:42:19.000",43,34,174,3
270,"DELETED",307,"09/14/2021 06:07:37.000",,"09/27/2021 00:37:40.000","T","G","gg",1,"","N","Y","09/16/2021 12:52:50.000",55,32,168,1
271,"DELETED",4,"09/14/2021 07:42:01.000",,"09/16/2021 02:01:12.000","Test","Tes","df",1,"","N","Y",,,0,0,0
272,"DELETED",4,"09/14/2021 07:42:16.000",,"09/16/2021 02:01:12.000","Test","Tes","df",1,"","N","Y",,,3,4,0
273,"DELETED",551,"09/14/2021 11:02:48.000",,"09/14/2021 05:33:03.000","Test","Te","art",1,"Rest edunga I have a meeting la for the next week la la email with what you have in your post on the FB group of the day we can meet at work and I will update the status on this bugs me the email everyone else was going in to the office to get a lot done today I am going to try panra d did not have ","Y","Y",,,0,0,0
274,"DELETED",551,"09/14/2021 11:04:23.000",,"09/14/2021 05:34:31.000","Test","Test","gegs",1,"Test","N","Y",,,0,0,0
275,"DELETED",416,"09/14/2021 13:35:08.000",,"09/27/2021 08:05:10.000","Testing resubmit","Resubmit","resubmit",1,"Question resubmitted","Y","N","09/16/2021 16:20:35.000",51,34,183,1
276,"DELETED",4,"09/15/2021 08:09:30.000",,"09/16/2021 02:01:12.000","Test","Test","gs",1,"The top nav when I will check with te to be a part the user story about it but it's up and I think I can do","Y","Y",,,10,25,0
277,"DELETED",552,"09/15/2021 09:30:24.000",,"09/24/2021 08:26:11.000","Test","question","test",1,"Hello there !","N","Y",,,28,168,0
278,"DELETED",265,"09/15/2021 12:20:58.000",,"09/15/2021 07:36:42.000","Add","Add","add",1,"","Y","Y",,,2,2,0
279,"DELETED",265,"09/15/2021 13:06:42.000",,"09/15/2021 07:45:14.000","Add","Add","add",1,"","Y","Y",,,0,0,0
280,"DELETED",265,"09/15/2021 13:15:14.000",,"09/28/2021 07:45:20.000","Add","Add","add",1,"","Y","Y","09/28/2021 00:09:39.000",299,35,161,1
281,"DELETED",265,"09/15/2021 13:17:16.000",,"09/15/2021 07:52:18.000","Next","Next","next",1,"","Y","Y",,,0,0,0
282,"DELETED",265,"09/15/2021 13:22:18.000",,"09/15/2021 08:09:51.000","Next","Next","next",1,"","Y","Y",,,1,3,0
283,"DELETED",265,"09/15/2021 13:39:51.000",,"09/28/2021 08:10:00.000","Next","Next","next",1,"","Y","Y","09/16/2021 13:58:20.000",24,38,163,2
284,"DELETED",364,"09/15/2021 13:48:30.000","09/15/2021 08:19:03.000","09/28/2021 08:18:30.000","Suggest some vegan recipes ","Vegan recipes","vegan",1,"","N","Y",,,1,1,0
285,"DELETED",561,"09/15/2021 14:02:14.000",,"09/15/2021 09:40:01.000","Suggest good books","Books","story",1,"","N","Y","09/15/2021 14:04:06.000",0,1,3,1
286,"DELETED",561,"09/15/2021 15:13:35.000",,"09/15/2021 09:45:37.000","Healthy soups","Soups","soups",1,"","N","Y",,,0,0,0
287,"DELETED",561,"09/15/2021 15:17:44.000",,"09/28/2021 09:47:50.000","Healthy greens","Leafy veggies ","leafy veggies",1,"","N","Y","09/16/2021 00:48:07.000",10,31,179,3
288,"DELETED",4,"09/16/2021 08:40:27.000",,"09/29/2021 03:10:30.000","Test","Tetz","ts",1,"Tegbusbshxhxb I am going to be a long day we ey the same with everyone else's we connect with what was working when you have to do signout I am not able","Y","Y","09/23/2021 16:51:45.000",176,41,213,4
289,"DELETED",568,"09/16/2021 12:45:35.000","09/16/2021 10:22:11.000","09/17/2021 06:00:05.000","Anton‚Äôs question","Subject","headspace",1,"Testing the 300 character limit of the additional details input field in the ‚Äúcreate a post‚Äù form in order to see whether all 300 characters will be visible when the poster looks at their post in the My Posts view in the Find tab. Previously only about 200 characters were visible in that view. ","Y","Y",,,4,8,0
290,"DELETED",4,"09/16/2021 12:51:05.000",,"09/29/2021 07:21:10.000","T","G","ggg",1,"","N","Y","09/16/2021 12:53:45.000",0,40,25,5
291,"DELETED",569,"09/16/2021 13:55:11.000",,"09/16/2021 10:42:27.000","How to train a cat to play fetch?","Cat Training","cat,fetch,play,train",4,"Training my kitten to play fetch!","Y","Y",,,3,9,0
292,"DELETED",568,"09/16/2021 14:14:02.000",,"09/16/2021 09:05:38.000","How to practice crimps","Bouldering","bouldering",1,"","N","N",,,0,0,0
293,"DELETED",568,"09/16/2021 14:41:45.000","09/16/2021 10:22:11.000","09/29/2021 09:11:50.000","Anton‚Äôs question","Subject","art",1,"","N","Y",,,3,5,0
294,"DELETED",569,"09/16/2021 16:12:27.000","09/17/2021 09:49:02.000","09/29/2021 10:42:30.000","How to train a cat to play fetch?","Cat Training","cat,fetch,play,train",4,"Training my kitten to play fetch!","Y","Y","09/16/2021 16:13:30.000",0,10,45,2
295,"DELETED",570,"09/16/2021 17:54:05.000",,"09/29/2021 12:24:10.000","Cat sleeping","Cat","cat",1,"I am writing a lot of text just to see what the formatting of this question would look like. Please ignore this.","Y","Y","09/28/2021 01:07:47.000",271,53,328,1
296,"DELETED",570,"09/16/2021 18:44:05.000",,"09/29/2021 13:14:10.000","Test","Test","hello,test",2,"Test","N","N",,,52,321,0
297,"DELETED",570,"09/16/2021 18:51:17.000",,"09/29/2021 13:21:20.000","Hehehhehehehehe hehehheehe hehehheehe hehehheehe hehehe hehehhehwhehehehehehehhehehhehehjehehehehe hehehhehehe","Lol","laugh",1,"Cuz it's funny!","N","Y","09/28/2021 16:38:12.000",286,51,301,3
298,"DELETED",575,"09/17/2021 03:03:38.000",,"09/29/2021 21:33:40.000","Test","Ys","gs",1,"","N","Y","09/18/2021 09:26:31.000",30,35,180,5
299,"DELETED",573,"09/17/2021 08:16:58.000",,"09/30/2021 02:47:00.000","How do I practice crimps?","Bouldering","bouldering",1,"Trying to get better at bouldering ","N","Y","09/17/2021 08:28:54.000",0,36,164,5
300,"DELETED",568,"09/17/2021 08:31:28.000","09/17/2021 05:58:53.000","09/30/2021 03:01:30.000","This is a question with the maximum allowed character length to test the blue system message  bubble in chat. ","System message test","headspace",1,"","Y","N","09/17/2021 08:33:07.000",0,2,13,2
301,"DELETED",569,"09/17/2021 10:19:30.000","09/17/2021 09:49:02.000","09/30/2021 04:49:30.000","Example","Test","art",1,"Hi","N","Y","09/17/2021 10:39:04.000",0,8,22,1
302,"DELETED",569,"09/17/2021 10:31:54.000","09/17/2021 09:49:02.000","09/30/2021 05:02:00.000","Example","Test","hi",1,"Hi","N","Y",,,8,20,0
303,"DELETED",568,"09/17/2021 11:20:20.000","09/17/2021 05:58:53.000","09/30/2021 05:50:20.000","Question without image","Test","art",1,"","N","Y",,,1,2,0
304,"DELETED",568,"09/17/2021 11:30:05.000",,"09/30/2021 06:00:10.000","Anton‚Äôs question","Subject","headspace",1,"Testing the 300 character limit of the additional details input field in the ‚Äúcreate a post‚Äù form in order to see whether all 300 characters will be visible when the poster looks at their post in the My Posts view in the Find tab. Previously only about 200 characters were visible in that view. ","Y","Y","09/17/2021 11:31:38.000",0,4,5,5
305,"DELETED",568,"09/17/2021 11:45:25.000","09/17/2021 09:52:07.000","09/30/2021 06:15:30.000","Edit vs resubmit","Edited","art",1,"","Y","Y",,,7,15,0
306,"DELETED",572,"09/17/2021 11:46:53.000",,"09/30/2021 06:17:00.000","Test 1","Test","hi",1,"Hi","N","Y","09/28/2021 17:20:09.000",270,48,275,1
307,"DELETED",562,"09/17/2021 15:08:50.000",,"09/30/2021 09:38:50.000","What's the difference ?","iPhone 13 vs iPhone 12","apple,iphone",2,"Is iPhone 13 worth buying ?","N","N","09/24/2021 12:44:54.000",166,40,225,3
308,"DELETED",579,"09/17/2021 18:08:47.000",,"09/30/2021 12:38:50.000","Testing unread messages","Unread","headspace",1,"","N","Y","09/17/2021 18:09:56.000",0,35,160,5
309,"DELETED",562,"09/21/2021 13:50:34.000",,"10/04/2021 08:20:40.000","Ufff","Hchc","art",1,"G hc","N","Y","09/23/2021 16:02:49.000",50,49,250,3
310,"DELETED",582,"09/23/2021 15:52:23.000",,"10/06/2021 10:22:30.000","Is a long established fact that a reader will be distracted by the readable content of a page","open question","testing",1,"test","N","Y","09/23/2021 15:56:49.000",0,19,72,5
311,"DELETED",305,"09/24/2021 01:29:31.000",,"10/06/2021 19:59:40.000","Chhc","Gxgxg","art",1,"Chhcxh","N","Y","09/29/2021 09:18:06.000",128,75,245,1
312,"DELETED",6,"09/24/2021 06:53:23.000",,"09/26/2021 23:14:37.000","How to draw?","Art","art",1,"","N","Y",,,9,21,0
313,"DELETED",586,"09/24/2021 13:12:58.000","09/24/2021 08:00:43.000","09/24/2021 08:14:21.000","This post is to test the time zone","Timezone","time",1,"","Y","Y","09/24/2021 13:14:03.000",0,1,1,1
314,"DELETED",586,"09/24/2021 13:44:20.000","10/01/2021 05:35:32.000","10/07/2021 08:14:20.000","This post is to test the time zone","Timezone","time",1,"","Y","Y","09/24/2021 13:44:46.000",0,40,201,5
315,"DELETED",6,"09/27/2021 04:44:37.000",,"10/09/2021 23:14:41.000","How to draw?","Art","art",1,"","N","Y","09/27/2021 04:46:32.000",0,14,46,5
316,"DELETED",305,"09/27/2021 09:24:58.000",,"09/27/2021 03:57:14.000","Count","C test","ctest",1,"","N","Y",,,0,0,0
317,"DELETED",305,"09/27/2021 09:27:14.000",,"10/01/2021 04:19:19.000","Count","C test","ctest",1,"","N","Y",,,29,108,0
318,"DELETED",305,"09/27/2021 09:28:00.000",,"10/10/2021 03:58:01.000","Te","Cccc","cc",1,"","N","Y","09/27/2021 09:28:22.000",0,65,229,4
319,"DELETED",591,"09/27/2021 14:58:31.000",,"10/10/2021 09:28:40.000","Testing chat image","chat","image",1,"","N","Y","09/27/2021 15:00:01.000",0,56,148,4
320,"DELETED",305,"09/28/2021 00:11:40.000",,"10/10/2021 18:41:40.000","Rt","Rcb","rcb",1,"","N","Y","09/28/2021 00:12:04.000",0,68,216,3
321,"DELETED",589,"09/28/2021 12:42:07.000",,"10/11/2021 07:12:10.000","Response time post","Timings","Time",1,"","N","Y","09/28/2021 12:44:18.000",0,49,154,4
322,"DELETED",416,"09/28/2021 13:44:22.000",,"10/11/2021 08:14:30.000","Blank screen test","Swipe and chat ","blank",1,"None","N","Y","09/28/2021 13:45:06.000",0,44,154,4
323,"DELETED",595,"09/28/2021 15:17:02.000",,"10/11/2021 09:47:10.000","Which bike is better?","Bikes","cannondale",1,"Cannondale or trek or giant?","N","Y","09/28/2021 16:37:20.000",1,47,153,3
324,"DELETED",580,"09/28/2021 16:25:44.000",,"10/11/2021 10:55:50.000","Changes","Test 2","change",1,"I'm gonna change this","N","Y","10/01/2021 06:24:56.000",62,43,152,2
325,"DELETED",596,"09/28/2021 16:42:58.000",,"10/11/2021 11:13:00.000","Time overlapping ","Test","time ",1,"","N","Y","09/28/2021 16:43:21.000",0,17,34,5
326,"DELETED",602,"09/28/2021 17:33:17.000",,"10/11/2021 12:03:20.000","Test","Bold","hi",1,"","N","Y","09/28/2021 17:40:29.000",0,47,148,3
327,"DELETED",602,"09/28/2021 17:44:05.000",,"10/11/2021 12:14:10.000","Hi","Hi","hi",1,"","N","Y","09/29/2021 13:04:31.000",19,47,152,2
328,"DELETED",604,"09/29/2021 02:21:55.000",,"09/28/2021 21:37:49.000","Test","Sub","sub",1,"","N","Y","09/29/2021 02:22:42.000",0,1,1,1
329,"DELETED",263,"09/29/2021 02:35:23.000",,"10/11/2021 21:05:30.000","Neweee","Neweee","newww",1,"","N","Y","10/01/2021 11:05:15.000",56,48,149,1
330,"DELETED",604,"09/29/2021 02:41:05.000",,"09/28/2021 21:37:49.000","Tes","Ste","gg,tq",2,"","N","Y","09/29/2021 02:52:12.000",0,6,7,5
331,"DELETED",608,"09/29/2021 12:46:35.000",,"09/29/2021 07:16:50.000","What‚Äôs the best road bike? Giant defy or specialized allez?","Road bike","bike",1,"","N","Y",,,0,0,0
332,"DELETED",608,"09/29/2021 12:47:35.000",,"10/12/2021 07:17:40.000","Test","Test","test",1,"","N","Y","09/29/2021 13:12:35.000",0,46,240,2
333,"DELETED",608,"09/29/2021 12:48:17.000",,"10/12/2021 07:18:20.000","Bikes ","Bikes","bike",1,"Need a bike","N","N",,,52,231,0
334,"DELETED",608,"09/29/2021 12:49:52.000",,"09/29/2021 07:20:00.000","What‚Äôs the best road bike? Specialized allez or giant defy?","Road bikes","test",1,"","N","Y",,,0,0,0
335,"DELETED",612,"09/29/2021 13:45:05.000","10/11/2021 22:52:30.000","10/12/2021 08:15:10.000","Toronto Vs. Vancouver","Better for living","toronto,vancouver",2,"","N","Y","09/29/2021 13:45:29.000",0,46,145,5
336,"DELETED",614,"09/29/2021 13:47:09.000","10/01/2021 01:19:14.000","10/12/2021 08:17:10.000","Android vs iOS","Mobile platform ","Android,ios",2,"","N","Y","09/29/2021 13:47:56.000",0,10,29,5
337,"DELETED",602,"09/29/2021 16:31:55.000",,"10/12/2021 11:02:01.000","Anton has given victor a like 123","Yi","art",1,"","N","Y","09/29/2021 16:32:19.000",0,46,280,4
338,"DELETED",617,"10/01/2021 00:52:45.000",,"10/13/2021 19:22:50.000","See","S","s",1,"","N","Y","10/01/2021 00:54:33.000",0,7,10,5
339,"DELETED",617,"10/01/2021 01:10:47.000",,"09/30/2021 22:54:08.000","Yes","YesbNk","bnk",1,"","N","Y","10/01/2021 01:35:11.000",0,4,5,2
340,"DELETED",51,"10/01/2021 06:57:49.000",,"10/14/2021 01:27:50.000","Test question post","Test question","12345",1,"","N","Y","10/01/2021 06:58:52.000",0,56,255,4
341,"DELETED",617,"10/01/2021 06:59:11.000","10/13/2021 09:38:16.000","10/14/2021 01:29:21.000","Posy","Yuuyu","yu",1,"","N","Y","10/01/2021 07:02:59.000",0,47,248,5
342,"DELETED",620,"10/01/2021 09:01:32.000","10/01/2021 03:33:50.000","10/14/2021 03:31:40.000","Imp","Imp","imp",1,"","N","Y","10/01/2021 09:01:58.000",0,5,5,5
343,"DELETED",305,"10/01/2021 09:49:19.000",,"10/14/2021 04:19:20.000","Count","C test","ctest",1,"","N","Y","10/04/2021 05:10:37.000",67,50,218,1
344,"DELETED",630,"10/04/2021 12:49:09.000","10/15/2021 03:40:51.000","10/17/2021 07:19:10.000","How deep is the ocean","Ocean","deep,ocean",2,"Explorations ","N","Y","10/04/2021 16:55:11.000",4,49,234,5
345,"DELETED",631,"10/04/2021 12:51:37.000",,"10/04/2021 07:35:38.000","Best music instrument for beginners ?","Music","music",1,"Instruments","N","Y",,,0,0,0
346,"DELETED",637,"10/05/2021 03:38:26.000",,"10/17/2021 22:08:30.000","Bd","Bx","te",1,"","N","Y","10/12/2021 11:41:39.000",176,51,338,1
347,"DELETED",666,"10/06/2021 09:49:41.000",,"10/19/2021 04:19:50.000","Te","Gs","hoq",1,"","N","Y","10/11/2021 09:12:57.000",119,45,359,3
348,"DELETED",667,"10/06/2021 09:49:48.000",,"10/19/2021 04:19:50.000","Rt","Rtr","rtr",1,"","N","Y",,,44,316,0
349,"DELETED",517,"10/07/2021 08:08:43.000",,"10/07/2021 02:51:42.000","Hshs","Gs","yu",1,"Tejs true I just wanted to make it up to get a lot teuehdhhr the same in return for this week and next build up a lot teuehdhhr the status by 12 pm to work at work tomorrow but I won't know until the last update I have checked with the end testing the waters for a few days but I have to test it and ","Y","Y",,,0,0,0
350,"DELETED",517,"10/07/2021 08:21:42.000",,"10/07/2021 02:51:45.000","Hshs","Gs","yu",1,"Tejs true I just wanted to make it up to get a lot teuehdhhr the same in return for this week and next build up a lot teuehdhhr the status by 12 pm to work at work tomorrow but I won't know until the last update I have checked with the end testing the waters for a few days but I have to test it and ","Y","Y",,,0,0,0
351,"DELETED",683,"10/08/2021 01:43:14.000",,"10/20/2021 20:13:20.000","Ff","C","tuh",1,"","N","Y","10/12/2021 09:12:48.000",103,45,393,2
352,"DELETED",562,"10/08/2021 13:51:36.000","10/19/2021 10:40:28.000","10/21/2021 08:21:40.000","What is your best investment ","Economics","investment ,purchase ",2,"Blah","N","Y","10/15/2021 09:11:30.000",163,35,267,5
353,"DELETED",689,"10/12/2021 05:26:22.000",,"10/11/2021 23:56:48.000","Test","Gshs","gdhdhs",1,"Ta for a lot of people in Android only have to test it and it is not working and I am having 3 hrs to the gym and update me the status by 12 pm on invite you to our time and I hope","N","Y",,,0,0,0
354,"Closed",653,"10/12/2021 14:26:14.000","10/21/2021 04:22:23.000",,"test","question","tesr",1,"test","Y","Y","10/15/2021 12:18:35.000",70,42,262,5
355,"Expiring",697,"10/13/2021 16:30:50.000",,,"Anonymous question","Anonymous ","Hidden",1,"","N","N","10/15/2021 09:10:41.000",41,56,180,3
356,"Expiring",697,"10/13/2021 16:31:21.000",,,"Public question","Public","public",1,"","N","Y","10/13/2021 16:32:38.000",0,49,360,4
357,"DELETED",703,"10/15/2021 07:46:05.000",,"10/15/2021 02:16:15.000","Test","G","art",1,"","N","Y",,,0,0,0
358,"Closed",703,"10/15/2021 08:02:11.000","10/15/2021 02:45:13.000",,"Test","Vs","vx",1,"","N","Y","10/15/2021 08:03:49.000",0,5,5,5
359,"Closed",612,"10/15/2021 09:14:54.000","10/20/2021 21:59:46.000",,"test","test","123",1,"","N","Y","10/15/2021 09:15:24.000",0,30,15,5
360,"Active",669,"10/15/2021 10:35:27.000",,,"Best movies to watch","Movies","action,movies,romance",3,"","N","Y","10/15/2021 10:36:19.000",0,40,232,4
361,"Active",713,"10/19/2021 11:44:56.000",,,"Which stocks are currently a strong buy ?","Stocks","nasdaq,nyse,stocks",3,"","N","Y","10/19/2021 16:13:53.000",4,33,153,4
362,"Active",562,"10/20/2021 13:24:43.000",,,"Helloooo ","Yes notes no ","best,bests,fashion,love,of,swimming,technique,technology,the",9,"Best best best ","Y","Y","10/20/2021 13:31:17.000",0,22,92,2
363,"DELETED",720,"10/20/2021 13:29:55.000","10/20/2021 08:02:48.000","10/20/2021 08:04:02.000","Mac or windows","OS","mac,windows",2,"Which OS is better for work","N","Y",,,0,0,0
364,"Closed",720,"10/20/2021 13:34:02.000","10/20/2021 08:15:06.000",,"Mac or windows","OS","mac,windows",2,"Which OS is better for work","Y","N",,,0,0,0
365,"Closed",726,"10/21/2021 07:48:39.000","10/21/2021 02:19:21.000",,"Impression","Imp","impr",1,"","N","Y",,,0,0,0
366,"Active",723,"10/21/2021 08:34:12.000",,,"testing95","test900","test2,test3",2,"","N","Y",,,16,65,0
367,"Active",723,"10/21/2021 09:01:15.000",,,"testing95","test900","test2,test3",2,"","N","Y",,,16,66,0
368,"Active",723,"10/22/2021 01:04:21.000",,,"testing95","test900","test2,test3",2,"","N","Y",,,10,53,0
369,"Active",723,"10/22/2021 01:13:48.000",,,"testing95","test900","test2,test3",2,"","N","Y",,,10,52,0
370,"Active",723,"10/22/2021 01:14:31.000",,,"testing95","testing95","test2,test3",2,"","N","Y",,,10,0,0
371,"Active",6,"10/22/2021 02:29:52.000",,,"Testing count","Test","tesr",1,"Test","N","Y","10/24/2021 12:30:17.000",58,11,52,1
372,"Active",615,"10/22/2021 13:36:54.000",,,"This is a long question created to test what the system message bubble will look like in the chat window","React native","react native",1,"","N","Y","10/24/2021 13:59:55.000",48,9,46,1
373,"Active",733,"10/22/2021 13:45:32.000",,,"This is a test to see what a long question looks like in a system admin message inside of chat view","Chat view test","react native",1,"","N","Y","10/22/2021 13:46:21.000",0,9,56,2
374,"Active",734,"10/22/2021 19:49:11.000",,,"Question with a picture ","Picture","art",1,"","Y","Y",,,9,58,0
375,"Active",735,"10/24/2021 11:16:32.000",,,"Test","Test","hi",1,"Hu","N","Y",,,8,22,0